id,Geographic Area Name,County,Total Households,With dial-up Internet subscription alone,With a broadband Internet subscription,Without an Internet subscription,With dial-up Internet subscription alone PERCENT,With a broadband Internet subscription PERCENT,Without an Internet subscription PERCENT,Better than US average - With dial-up Internet subscription alone,Better than US average - With a broadband Internet subscription,Better than US average - Without an Internet subscription,GEOID
1400000US35057963202,"Census Tract 9632.02, Torrance County, New Mexico","Torrance County, New Mexico",1499.4654999999998,17.029267499999996,1003.8098894999998,478.62634299999996,0.011356891839125341,0.6694451386177275,0.3191979695431472,1.8392229597813352,-0.19051373806804422,-0.8776351149596894,35057963202
1400000US35061970101,"Census Tract 9701.01, Valencia County, New Mexico","Valencia County, New Mexico",1731.1965,9.571955999999998,1186.0065705000002,534.956181,0.005529098516546214,0.6850791175351846,0.30900950931913274,0.3822746291365535,-0.17160928955842258,-0.8177029959948983,35061970101
1400000US35061971000,"Census Tract 9710, Valencia County, New Mexico","Valencia County, New Mexico",2383.808,13.183296,1633.4644480000002,736.2482400000001,0.0055303514376996805,0.6852332268370608,0.3088538338658148,0.3825878594249201,-0.17142294215591206,-0.8167872580342044,35061971000
1400000US35061970301,"Census Tract 9703.01, Valencia County, New Mexico","Valencia County, New Mexico",3004.6859999999997,16.701152,2069.265126,917.5491199999999,0.005558368495077357,0.6886793248945148,0.30537271448663855,0.3895921237693392,-0.16725595538752755,-0.7963100852155207,35061970301
1400000US35061971100,"Census Tract 9711, Valencia County, New Mexico","Valencia County, New Mexico",527.1585,2.9326,363.3455925,160.67431599999998,0.005563032750112158,0.6892530282637954,0.3047931807985643,0.3907581875280395,-0.16656223910061022,-0.7929010635209665,35061971100
1400000US35061971300,"Census Tract 9713, Valencia County, New Mexico","Valencia County, New Mexico",907.2830000000001,5.082996000000001,629.7449230000002,272.09161500000005,0.005602437166793603,0.6940997715156132,0.2998971820258949,0.4006092916984008,-0.16070160638982692,-0.764101070740558,35061971300
1400000US35061970901,"Census Tract 9709.01, Valencia County, New Mexico","Valencia County, New Mexico",2255.526,12.662244000000001,1568.7336420000001,673.220079,0.005613876319758674,0.6955067873303169,0.298475867269985,0.4034690799396684,-0.15900025715802074,-0.7557403957057939,35061970901
1400000US35057963201,"Census Tract 9632.01, Torrance County, New Mexico","Torrance County, New Mexico",1669.275,18.376875,1155.827475,495.07065000000006,0.011008896077638494,0.6924128588758592,0.29657824504650226,1.7522240194096232,-0.1627414040195173,-0.7445779120382485,35057963201
1400000US35061970401,"Census Tract 9704.01, Valencia County, New Mexico","Valencia County, New Mexico",2355.4635,13.286016,1645.9572855000001,695.254158,0.005640510243525319,0.6987827599536143,0.2951666022419791,0.4101275608813298,-0.15503898433662125,-0.7362741308351711,35061970401
1400000US35057963700,"Census Tract 9637, Torrance County, New Mexico","Torrance County, New Mexico",904.3199999999999,9.930250000000001,627.83358,266.55616999999995,0.01098090277777778,0.6942604166666667,0.29475868055555554,1.745225694444445,-0.16050735590487708,-0.7338745915032677,35057963700
1400000US35061970800,"Census Tract 9708, Valencia County, New Mexico","Valencia County, New Mexico",2563.9425,14.498567999999999,1796.1435765,752.239656,0.0056547945205479445,0.7005397260273972,0.2933917808219178,0.4136986301369861,-0.1529144788060494,-0.7258340048348105,35061970800
1400000US35061970303,"Census Tract 9703.03, Valencia County, New Mexico","Valencia County, New Mexico",2682.2400000000002,15.209520000000001,1884.1821600000003,781.7281800000001,0.005670454545454545,0.7024659090909091,0.2914460227272727,0.4176136363636363,-0.15058535781026716,-0.714388368983957,35061970303
1400000US35061940300,"Census Tract 9403, Valencia County, New Mexico","Valencia County, New Mexico",431.293,2.450724,303.59551700000003,125.065371,0.005682271680736761,0.7039194167306217,0.2899777436684574,0.42056792018419026,-0.1488277911358867,-0.705751433343867,35061940300
1400000US35057963600,"Census Tract 9636, Torrance County, New Mexico","Torrance County, New Mexico",3323.4669999999996,36.209775,2326.154523,961.102702,0.010895181146676048,0.6999180443193811,0.28918677453394304,1.723795286669012,-0.15366621001284034,-0.7010986737290765,35057963600
1400000US35061970902,"Census Tract 9709.02, Valencia County, New Mexico","Valencia County, New Mexico",1113.942,6.341952,785.6298059999999,321.498696,0.0056932515337423314,0.7052699386503066,0.2886134969325153,0.4233128834355828,-0.1471947537481178,-0.6977264525442076,35061970902
1400000US35061970404,"Census Tract 9704.04, Valencia County, New Mexico","Valencia County, New Mexico",2315.5294999999996,13.267256,1643.4501355000002,657.810824,0.0057296855859534515,0.7097513270722746,0.28408656594528386,0.43242139648836286,-0.14177590438660875,-0.6710974467369638,35061970404
1400000US35061970200,"Census Tract 9702, Valencia County, New Mexico","Valencia County, New Mexico",1639.062,9.400032,1164.399246,464.55177599999996,0.0057350069735006975,0.7104058577405857,0.2834253835425383,0.43375174337517436,-0.14098445255068237,-0.6672081384855194,35061970200
1400000US35061970700,"Census Tract 9707, Valencia County, New Mexico","Valencia County, New Mexico",1991.846,11.512024,1425.938182,553.509634,0.0057795753286147625,0.7158877654196159,0.2778877654196158,0.4448938321536906,-0.13435578546600266,-0.634633914233034,35061970700
1400000US35061970302,"Census Tract 9703.02, Valencia County, New Mexico","Valencia County, New Mexico",1522.9575,8.811288,1091.4032115,422.063136,0.005785642737896494,0.7166340567612688,0.2771338898163606,0.44641068447412335,-0.1334533775559024,-0.6301993518609447,35061970302
1400000US35061970405,"Census Tract 9704.05, Valencia County, New Mexico","Valencia County, New Mexico",1487.628,8.643172,1070.548296,407.76336699999996,0.005810035842293907,0.7196344086021506,0.2741030465949821,0.4525089605734768,-0.1298253825850659,-0.6123708623234239,35061970405
1400000US35061970102,"Census Tract 9701.02, Valencia County, New Mexico","Valencia County, New Mexico",2976.6875,17.312659999999997,2144.3406175,813.682745,0.005816082474226803,0.7203781443298969,0.2733517525773196,0.45402061855670073,-0.12892606489734362,-0.6079514857489386,35061970102
1400000US35061971400,"Census Tract 9714, Valencia County, New Mexico","Valencia County, New Mexico",912.8999999999999,5.318447999999999,658.733604,248.43123599999996,0.005825882352941176,0.7215835294117648,0.2721341176470588,0.4564705882352941,-0.12746852549967982,-0.6007889273356399,35061971400
1400000US35043940900,"Census Tract 9409, Sandoval County, New Mexico","Sandoval County, New Mexico",914.345,8.323142,687.5999320000001,218.025999,0.009102846299810247,0.7520136622390893,0.23845047438330172,1.2757115749525618,-0.09067271796966238,-0.4026498493135394,35043940900
1400000US35001002100,"Census Tract 21, Bernalillo County, New Mexico","Bernalillo County, New Mexico",1160.1150000000002,7.391895,877.7625,275.32506000000006,0.0063716915995397,0.7566168009205982,0.23732566168009206,0.5929228998849249,-0.08510664943095746,-0.39603330400054143,35001002100
1400000US35001001900,"Census Tract 19, Bernalillo County, New Mexico","Bernalillo County, New Mexico",428.3860000000001,2.72209,326.076856,99.72536000000001,0.006354292623941958,0.7611753325272067,0.23279322853688028,0.5885731559854895,-0.0795945193141395,-0.36937193256988393,35001001900
1400000US35001002500,"Census Tract 25, Bernalillo County, New Mexico","Bernalillo County, New Mexico",1350.762,8.558886,1034.5204800000001,308.13085800000005,0.006336339044183949,0.7658791704238054,0.22811632100991888,0.5840847610459872,-0.07390668630736963,-0.34186071182305217,35001002500
1400000US35001000901,"Census Tract 9.01, Bernalillo County, New Mexico","Bernalillo County, New Mexico",3814.7200000000003,24.16688,2922.7881600000005,869.0330400000001,0.006335164835164835,0.7661868131868133,0.2278104395604396,0.5837912087912086,-0.07353468780312794,-0.3400614091790563,35001000901
1400000US35001000903,"Census Tract 9.03, Bernalillo County, New Mexico","Bernalillo County, New Mexico",4480.143,28.291665,3456.410688000001,996.9753150000001,0.00631490222521915,0.7714956169925827,0.2225320296695887,0.5787255563047874,-0.06711533616374527,-0.3090119392328747,35001000903
1400000US35001000713,"Census Tract 7.13, Bernalillo County, New Mexico","Bernalillo County, New Mexico",2862.1199999999994,18.059507999999997,2211.9120239999997,633.136134,0.0063098360655737705,0.7728229508196722,0.22121229508196724,0.5774590163934425,-0.06551033758201673,-0.3012487945998072,35001000713
1400000US35001000603,"Census Tract 6.03, Bernalillo County, New Mexico","Bernalillo County, New Mexico",2397.4139999999998,15.121485999999997,1854.297032,528.825688,0.0063074154067674585,0.7734571634269259,0.220581713462923,0.5768538516918645,-0.06474345413914646,-0.29753949095837046,35001000603
1400000US35001001600,"Census Tract 16, Bernalillo County, New Mexico","Bernalillo County, New Mexico",1982.7599999999998,12.491016,1537.529568,433.433568,0.006299812382739213,0.7754491557223265,0.21860112570356474,0.5749530956848031,-0.06233475728860161,-0.2858889747268513,35001001600
1400000US35001003733,"Census Tract 37.33, Bernalillo County, New Mexico","Bernalillo County, New Mexico",1960.491,12.295334999999998,1534.773396,414.13632,0.0062715590125126805,0.7828515387216775,0.21124112275955362,0.5678897531281701,-0.053383870953231695,-0.24259483976208002,35001003733
1400000US35001002000,"Census Tract 20, Bernalillo County, New Mexico","Bernalillo County, New Mexico",1615.8999999999999,10.131836,1265.632368,340.725528,0.0062700884955752215,0.7832368141592921,0.21085805309734515,0.5675221238938053,-0.052917999807385645,-0.24034148880791256,35001002000
1400000US35001002402,"Census Tract 24.02, Bernalillo County, New Mexico","Bernalillo County, New Mexico",3495.9870000000005,21.906621000000005,2741.72976,733.6332630000002,0.0062662192393736025,0.7842505592841162,0.20985011185682328,0.5665548098434006,-0.05169218949925492,-0.2344124226871957,35001002402
1400000US35001001500,"Census Tract 15, Bernalillo County, New Mexico","Bernalillo County, New Mexico",1476.9630000000002,9.244947,1160.936124,307.32882600000005,0.0062594303310238636,0.7860292532717474,0.2080816012317167,0.5648575827559659,-0.04954141079595239,-0.2240094190100982,35001001500
1400000US35001001400,"Census Tract 14, Bernalillo County, New Mexico","Bernalillo County, New Mexico",1587.619,9.933451,1248.999532,329.275958,0.006256822953114066,0.7867123862841149,0.20740237928621416,0.5642057382785166,-0.048715373296112675,-0.2200139958012597,35001001400
1400000US35001001102,"Census Tract 11.02, Bernalillo County, New Mexico","Bernalillo County, New Mexico",1731.766,10.822522,1365.7635520000001,355.82984600000003,0.00624941360437842,0.7886536356528538,0.20547224394057859,0.5623534010946051,-0.046368034277081284,-0.20866025847399158,35001001102
1400000US35001002700,"Census Tract 27, Bernalillo County, New Mexico","Bernalillo County, New Mexico",2375.347,14.826227,1878.120348,483.3010260000001,0.006241709948062325,0.7906719936076707,0.20346544147023574,0.5604274870155811,-0.04392745633897141,-0.19685553806021014,35001002700
1400000US35001003400,"Census Tract 34, Bernalillo County, New Mexico","Bernalillo County, New Mexico",2666.2475,16.6379115,2109.1836220000005,541.438877,0.006240197693574959,0.791068204283361,0.2030714991762768,0.5600494233937398,-0.043448362414315676,-0.1945382304486869,35001003400
1400000US35001003202,"Census Tract 32.02, Bernalillo County, New Mexico","Bernalillo County, New Mexico",2617.5825,16.316774499999998,2075.260226,527.0086510000001,0.006233528265107212,0.7928155945419103,0.2013341130604289,0.5583820662768029,-0.04133543586226089,-0.18431831212016989,35001003202
1400000US35001940700,"Census Tract 9407, Bernalillo County, New Mexico","Bernalillo County, New Mexico",1092.542,6.808241999999998,866.747488,219.406046,0.0062315608919382495,0.7933310463121784,0.20082161234991425,0.5578902229845624,-0.04071215681719665,-0.18130360205831902,35001940700
1400000US35001001700,"Census Tract 17, Bernalillo County, New Mexico","Bernalillo County, New Mexico",2952.2694999999994,18.397135499999997,2342.156306,592.850434,0.006231523070641078,0.7933409554920376,0.20081175990200084,0.5578807676602695,-0.04070017473756036,-0.1812456464823578,35001001700
1400000US35001002600,"Census Tract 26, Bernalillo County, New Mexico","Bernalillo County, New Mexico",652.575,4.065874999999999,517.8877,130.8725,0.006230509903076273,0.793606405394016,0.20054782975136956,0.5576274757690682,-0.040379195412314536,-0.17969311618452674,35001002600
1400000US35001001200,"Census Tract 12, Bernalillo County, New Mexico","Bernalillo County, New Mexico",3831.5175000000004,23.8705755,3041.170674,767.9512740000001,0.0062300578034682075,0.7937248554913294,0.20043005780346823,0.5575144508670519,-0.040235966757763766,-0.17900034002040127,35001001200
1400000US35001000124,"Census Tract 1.24, Bernalillo County, New Mexico","Bernalillo County, New Mexico",2649.289,16.501807,2103.70168,530.107121,0.00622876817138485,0.7940627390971691,0.2000941086457536,0.5571920428462125,-0.03982740133353204,-0.17702416850443292,35001000124
1400000US35001000604,"Census Tract 6.04, Bernalillo County, New Mexico","Bernalillo County, New Mexico",2636.2170000000006,16.417803000000003,2093.9980560000004,526.8189990000001,0.006227788911155645,0.794319305277221,0.1998390113560454,0.5569472277889111,-0.03951716411460582,-0.17552359621203167,35001000604
1400000US35001004741,"Census Tract 47.41, Bernalillo County, New Mexico","Bernalillo County, New Mexico",3846.6164999999996,23.940490499999996,3059.4831179999996,764.685804,0.00622377887163953,0.795369935630443,0.1987943960620977,0.5559447179098824,-0.03824675256294687,-0.1693788003652805,35001004741
1400000US35001002300,"Census Tract 23, Bernalillo County, New Mexico","Bernalillo County, New Mexico",4035.9514999999997,25.116549499999998,3210.68237,801.7201359999999,0.006223203995389935,0.7955205532078372,0.19864464079907798,0.5558009988474836,-0.03806462731821385,-0.1684978870533998,35001002300
1400000US35001000114,"Census Tract 1.14, Bernalillo County, New Mexico","Bernalillo County, New Mexico",1394.5359999999998,8.678175999999999,1109.4622239999999,276.937388,0.006222984562607204,0.7955780445969125,0.1985874785591767,0.555746140651801,-0.03799510931449524,-0.1681616385833922,35001000114
1400000US35001000203,"Census Tract 2.03, Bernalillo County, New Mexico","Bernalillo County, New Mexico",1234.4125000000001,7.6779625000000005,983.0585500000002,244.15745000000004,0.0062199325590108654,0.7963776695391533,0.19779243162233048,0.5549831397527163,-0.03702821095628382,-0.16348489189606158,35001000203
1400000US35001000207,"Census Tract 2.07, Bernalillo County, New Mexico","Bernalillo County, New Mexico",1472.0379999999998,9.154477999999997,1172.690952,290.76746399999996,0.006218914185639229,0.7966444833625219,0.19752714535901927,0.5547285464098072,-0.03670558239114649,-0.1619243844648192,35001000207
1400000US35001004716,"Census Tract 47.16, Bernalillo County, New Mexico","Bernalillo County, New Mexico",1370.665,8.518768999999999,1093.315812,269.368362,0.006215062761506276,0.7976535564853557,0.19652384937238493,0.553765690376569,-0.03548542142036799,-0.15602264336697008,35001004716
1400000US35001004300,"Census Tract 43, Bernalillo County, New Mexico","Bernalillo County, New Mexico",2658.69,16.521030000000003,2121.47208,521.74179,0.006213973799126638,0.7979388646288209,0.19624017467248908,0.5534934497816596,-0.035140429711220264,-0.1543539686617004,35001004300
1400000US35001004401,"Census Tract 44.01, Bernalillo County, New Mexico","Bernalillo County, New Mexico",1259.02,7.822851999999999,1004.7952959999999,246.896996,0.00621344537815126,0.7980773109243696,0.19610252100840336,0.5533613445378149,-0.034973021856868736,-0.15354424122590205,35001004401
1400000US35001004502,"Census Tract 45.02, Bernalillo County, New Mexico","Bernalillo County, New Mexico",1833.2519999999997,11.389851999999998,1463.3281279999997,359.255476,0.006212922173274596,0.7982143906020557,0.19596622613803233,0.553230543318649,-0.03480726650295573,-0.15274250669430772,35001004502
1400000US35001000120,"Census Tract 1.20, Bernalillo County, New Mexico","Bernalillo County, New Mexico",1097.741,6.818852999999999,876.58018,214.77463400000002,0.006211713874219874,0.7985309649543928,0.1956514642342775,0.5529284685549686,-0.03442446801161701,-0.15089096608398528,35001000120
1400000US35001000300,"Census Tract 3, Bernalillo County, New Mexico","Bernalillo County, New Mexico",2467.752,15.328964,1970.577784,482.817902,0.006211711711711711,0.7985315315315316,0.1956509009009009,0.5529279279279278,-0.034423782912295656,-0.1508876523582405,35001000300
1400000US35001000205,"Census Tract 2.05, Bernalillo County, New Mexico","Bernalillo County, New Mexico",1852.8965,11.509522500000001,1479.6320140000003,362.48534,0.006211638102829813,0.7985508170585892,0.1956317257871662,0.5529095257074531,-0.03440046304886439,-0.1507748575715658,35001000205
1400000US35043940200,"Census Tract 9402, Sandoval County, New Mexico","Sandoval County, New Mexico",829.135,8.770900000000001,658.0482400000001,162.09276499999999,0.010578373847443421,0.7936563285834033,0.1954962279966471,1.6445934618608553,-0.040318828798786906,-0.14997781174498281,35043940200
1400000US35001002200,"Census Tract 22, Bernalillo County, New Mexico","Bernalillo County, New Mexico",2145.858,13.327314000000001,1714.0952400000003,419.2822920000001,0.006210715713714514,0.7987924830067974,0.19539144342263098,0.5526789284286284,-0.03410824303893915,-0.14936143189782924,35001002200
1400000US35001003100,"Census Tract 31, Bernalillo County, New Mexico","Bernalillo County, New Mexico",956.991,5.938358999999999,765.8101079999999,185.62282199999999,0.006205240174672488,0.8002270742358077,0.1939650655021834,0.551310043668122,-0.03237354989624223,-0.1409709735422552,35001003100
1400000US35001000127,"Census Tract 1.27, Bernalillo County, New Mexico","Bernalillo County, New Mexico",1107.5399999999997,6.870419999999999,886.8419999999999,214.26876,0.006203315455875184,0.8007313505607022,0.19346367625548516,0.5508288639687959,-0.03176378408621264,-0.1380216250322656,35001000127
1400000US35001001300,"Census Tract 13, Bernalillo County, New Mexico","Bernalillo County, New Mexico",2077.191,12.885199,1663.3432280000002,401.79014200000006,0.00620318449290412,0.800765662859121,0.19342956040152307,0.55079612322603,-0.03172229400348135,-0.13782094353837088,35001001300
1400000US35001003736,"Census Tract 37.36, Bernalillo County, New Mexico","Bernalillo County, New Mexico",1286.208,7.975638,1030.7234520000002,248.02281900000003,0.006200892857142857,0.8013660714285715,0.19283258928571428,0.5502232142857142,-0.03099628605976849,-0.1343093487394957,35001003736
1400000US35001004604,"Census Tract 46.04, Bernalillo County, New Mexico","Bernalillo County, New Mexico",1835.0985,11.3779485,1470.9264540000001,353.52796800000004,0.006200184077312472,0.8015517717441326,0.19264795213989877,0.5500460193281179,-0.03077173912438628,-0.13322324788175738,35001004604
1400000US35001000208,"Census Tract 2.08, Bernalillo County, New Mexico","Bernalillo County, New Mexico",1569.4740000000002,9.728862,1258.5820800000001,301.791786,0.0061988041853512695,0.8019133034379671,0.19228849028400596,0.5497010463378174,-0.030334578672349448,-0.1311087663765056,35001000208
1400000US35001004729,"Census Tract 47.29, Bernalillo County, New Mexico","Bernalillo County, New Mexico",1792.8,11.110176,1438.466688,343.942848,0.006197108433734939,0.8023575903614458,0.19184674698795182,0.5492771084337348,-0.029797351437187713,-0.1285102763997165,35001004729
1400000US35001000115,"Census Tract 1.15, Bernalillo County, New Mexico","Bernalillo County, New Mexico",1857.307,11.507133,1490.9579360000002,355.588939,0.006195600942655145,0.802752553024352,0.19145404556166534,0.5489002356637862,-0.029319766596914227,-0.12620026800979606,35001000115
1400000US35001003717,"Census Tract 37.17, Bernalillo County, New Mexico","Bernalillo County, New Mexico",2385.76,14.775136,1916.7681280000002,455.17932800000005,0.006193052109181141,0.8034203473945409,0.19079007444168736,0.5482630272952852,-0.028512276427399192,-0.12229455553933731,35001003717
1400000US35001004402,"Census Tract 44.02, Bernalillo County, New Mexico","Bernalillo County, New Mexico",1568.0085000000004,9.710752500000002,1259.7714660000001,299.15893500000004,0.006193048379520901,0.8034213245655236,0.1907891028651949,0.5482620948802253,-0.028511094842172246,-0.12228884038349935,35001004402
1400000US35001000601,"Census Tract 6.01, Bernalillo County, New Mexico","Bernalillo County, New Mexico",1979.15,12.256962,1590.093856,377.597726,0.006193043478260869,0.8034226086956521,0.19078782608695652,0.5482608695652172,-0.028509542085064076,-0.12228132992327356,35001000601
1400000US35001000129,"Census Tract 1.29, Bernalillo County, New Mexico","Bernalillo County, New Mexico",2522.5,15.611248,2029.438024,478.47385399999996,0.0061887999999999995,0.8045344,0.18968239999999997,0.5471999999999998,-0.027165175332527308,-0.11577882352941153,35001000129
1400000US35001002900,"Census Tract 29, Bernalillo County, New Mexico","Bernalillo County, New Mexico",1794.6360000000002,11.106072,1443.996072,340.262046,0.006188481675392669,0.8046178010471203,0.18959947643979055,0.5471204188481672,-0.027064327633470057,-0.11529103788112083,35001002900
1400000US35001001800,"Census Tract 18, Bernalillo County, New Mexico","Bernalillo County, New Mexico",512.356,3.170328,412.34972000000005,97.044034,0.0061877444589309,0.8048109517601044,0.18940743155149933,0.5469361147327249,-0.02683077175319909,-0.11416136206764306,35001001800
1400000US35001003600,"Census Tract 36, Bernalillo County, New Mexico","Bernalillo County, New Mexico",3198.4570000000003,19.782838999999996,2576.352864,603.6244770000001,0.006185119574844994,0.805498671390611,0.18872364924712134,0.5462798937112484,-0.025999188161292652,-0.11013911321836077,35001003600
1400000US35001000904,"Census Tract 9.04, Bernalillo County, New Mexico","Bernalillo County, New Mexico",2459.322,15.210234,1981.2338639999998,463.880412,0.006184726522187822,0.8056016511867904,0.18862125902992774,0.5461816305469556,-0.025874666037738425,-0.10953681782310427,35001000904
1400000US35001000501,"Census Tract 5.01, Bernalillo County, New Mexico","Bernalillo County, New Mexico",1882.5280000000002,11.642624,1516.6454400000002,355.00747200000006,0.006184568835098335,0.8056429652042361,0.1885801815431165,0.5461422087745836,-0.025824709547477637,-0.10929518554774409,35001000501
1400000US35001004501,"Census Tract 45.01, Bernalillo County, New Mexico","Bernalillo County, New Mexico",1675.6,10.361455999999999,1350.304128,315.618288,0.006183728813559322,0.8058630508474577,0.1883613559322034,0.5459322033898304,-0.025558584223146774,-0.10800797607178467,35001004501
1400000US35043940700,"Census Tract 9407, Sandoval County, New Mexico","Sandoval County, New Mexico",942.1500000000001,10.19865,754.2975000000001,177.42615,0.010824868651488616,0.8006129597197899,0.18832049036777582,1.706217162872154,-0.03190694108852505,-0.1077675903986812,35043940700
1400000US35001000708,"Census Tract 7.08, Bernalillo County, New Mexico","Bernalillo County, New Mexico",3756.2400000000002,23.21988,3029.02968,705.5273400000001,0.006181681681681681,0.8063993993993994,0.18782807807807808,0.5454204204204203,-0.024910037001935486,-0.10487104751810628,35001000708
1400000US35001003002,"Census Tract 30.02, Bernalillo County, New Mexico","Bernalillo County, New Mexico",1690.5555,10.445629499999999,1364.5327139999997,316.2712859999999,0.00617881489250131,0.8071504981646563,0.18708127949659145,0.5447037231253276,-0.024001816004043202,-0.100478114685832,35001003002
1400000US35001003707,"Census Tract 37.07, Bernalillo County, New Mexico","Bernalillo County, New Mexico",2463.5875,15.2196175,1989.1234900000002,460.25714000000005,0.006177827050997783,0.807409312638581,0.1868239467849224,0.5444567627494457,-0.02368886017100255,-0.0989643928524846,35001003707
1400000US35001000502,"Census Tract 5.02, Bernalillo County, New Mexico","Bernalillo County, New Mexico",3052.973,18.856297,2466.162684,569.211276,0.006176372015081693,0.8077905320485965,0.1864449099287809,0.5440930037704232,-0.023227893532531494,-0.09673476428694643,35001000502
1400000US35001000119,"Census Tract 1.19, Bernalillo County, New Mexico","Bernalillo County, New Mexico",533.544,3.2933839999999996,431.511136,98.960192,0.006172656800563777,0.8087639182522904,0.185477096546864,0.5431642001409442,-0.02205088482189798,-0.09104174439331761,35001000119
1400000US35001004749,"Census Tract 47.49, Bernalillo County, New Mexico","Bernalillo County, New Mexico",2904.129,17.920503,2350.245168,537.167529,0.00617069799585349,0.8092771250863856,0.18496682791983413,0.5426744989633725,-0.021430320330851824,-0.0880401642343183,35001004749
1400000US35001000204,"Census Tract 2.04, Bernalillo County, New Mexico","Bernalillo County, New Mexico",1439.288,8.881207999999999,1164.836192,266.167504,0.006170556552962297,0.8093141831238779,0.18492998204667863,0.5426391382405743,-0.02138551012832181,-0.08782342380399184,35001000204
1400000US35001003738,"Census Tract 37.38, Bernalillo County, New Mexico","Bernalillo County, New Mexico",2157.8375,13.3144375,1746.5311500000003,398.88712499999997,0.006170268845545598,0.8093895624670533,0.18485503426462835,0.5425672113863995,-0.021294362192196825,-0.08738255449781374,35001003738
1400000US35043011200,"Census Tract 112, Sandoval County, New Mexico","Sandoval County, New Mexico",1109.7,12.14676,892.23336,205.06661999999997,0.010945985401459853,0.8040311435523113,0.18479464720194644,1.7364963503649633,-0.027773707917398735,-0.0870273364820378,35043011200
1400000US35001003731,"Census Tract 37.31, Bernalillo County, New Mexico","Bernalillo County, New Mexico",431.94000000000005,2.6647799999999995,349.71408,79.74054000000001,0.006169329073482426,0.8096357827476038,0.18461022364217253,0.5423322683706066,-0.02099663512986243,-0.0859424920127795,35001003731
1400000US35001003725,"Census Tract 37.25, Bernalillo County, New Mexico","Bernalillo County, New Mexico",1872.46,11.55181,1516.01374,345.67215500000003,0.006169322709163347,0.8096374501992032,0.1846085657370518,0.5423306772908366,-0.02099461886432512,-0.08593273962971645,35001003725
1400000US35001003501,"Census Tract 35.01, Bernalillo County, New Mexico","Bernalillo County, New Mexico",2819.059,17.384591,2284.274292,518.574528,0.006166806370494551,0.8102967309304274,0.18395305951383067,0.5417015926236378,-0.020197423300571518,-0.08207682066959213,35001003501
1400000US35001000707,"Census Tract 7.07, Bernalillo County, New Mexico","Bernalillo County, New Mexico",3266.0175,20.1398875,2646.70793,600.5308,0.006166497117667006,0.8103777551712446,0.183872499152255,0.5416242794167515,-0.020099449611554434,-0.08160293618973527,35001000707
1400000US35001004001,"Census Tract 40.01, Bernalillo County, New Mexico","Bernalillo County, New Mexico",2229.1319999999996,13.745451999999997,1806.5658079999998,409.74997599999995,0.006166279969064191,0.8104346481051818,0.18381593194122198,0.5415699922660477,-0.020030655253710065,-0.08127018788954096,35001004001
1400000US35001000711,"Census Tract 7.11, Bernalillo County, New Mexico","Bernalillo County, New Mexico",1690.696,10.423475999999999,1370.677784,310.300438,0.006165198237885462,0.8107180616740088,0.18353414096916298,0.5412995594713655,-0.019687954444971255,-0.07961259393625277,35001000711
1400000US35001004746,"Census Tract 47.46, Bernalillo County, New Mexico","Bernalillo County, New Mexico",2751.099,16.945175,2234.530324,500.77976,0.006159420289855072,0.8122318840579709,0.18202898550724636,0.539855072463768,-0.017857455794473037,-0.07075873827791969,35001004746
1400000US35001003719,"Census Tract 37.19, Bernalillo County, New Mexico","Bernalillo County, New Mexico",2900.261,17.858113,2357.20758,526.417164,0.006157415832575068,0.8127570518653321,0.18150682438580526,0.539353958143767,-0.0172224282160435,-0.06768720226944262,35001003719
1400000US35001000712,"Census Tract 7.12, Bernalillo County, New Mexico","Bernalillo County, New Mexico",2154.1040000000003,13.2634,1750.8455040000003,390.90276000000006,0.00615727002967359,0.8127952522255193,0.18146884272997033,0.5393175074183976,-0.017176236728513632,-0.06746378076453124,35001000712
1400000US35001000110,"Census Tract 1.10, Bernalillo County, New Mexico","Bernalillo County, New Mexico",2120.5205,13.052840499999999,1724.538522,383.824539,0.006155488947171224,0.813261895841139,0.18100487073810415,0.5388722367928059,-0.016611976008296395,-0.06473453375355372,35001000110
1400000US35043940600,"Census Tract 9406, Sandoval County, New Mexico","Sandoval County, New Mexico",576.0525,6.393314999999999,465.64355,103.8939275,0.011098493626882965,0.8083352645809193,0.18035496330629588,1.7746234067207411,-0.022569208487401158,-0.06091154886056395,35043940600
1400000US35001003502,"Census Tract 35.02, Bernalillo County, New Mexico","Bernalillo County, New Mexico",1590.763,9.786510999999997,1295.1251559999998,286.52574799999996,0.006152086137281291,0.8141534320323014,0.18011843876177658,0.5380215343203226,-0.015533939501449424,-0.059520228010450385,35001003502
1400000US35001004745,"Census Tract 47.45, Bernalillo County, New Mexico","Bernalillo County, New Mexico",1547.1774999999998,9.516747499999997,1260.06477,278.25273000000004,0.0061510379384395126,0.8144280601288476,0.17984538296349326,0.5377594846098781,-0.015201861996556782,-0.05791401743231319,35001004745
1400000US35001000121,"Census Tract 1.21, Bernalillo County, New Mexico","Bernalillo County, New Mexico",3630.7149999999992,22.330014999999996,2957.6506599999993,652.2768199999999,0.006150307859471206,0.814619340818544,0.1796551973922492,0.5375769648678014,-0.014970567329451066,-0.05679527877793636,35001000121
1400000US35001003735,"Census Tract 37.35, Bernalillo County, New Mexico","Bernalillo County, New Mexico",2731.764,16.800420000000003,2225.5494240000003,490.57512,0.006150026136957659,0.8146931521170936,0.17958180867746995,0.5375065342394147,-0.014881315456960675,-0.05636358045570552,35001003735
1400000US35001003714,"Census Tract 37.14, Bernalillo County, New Mexico","Bernalillo County, New Mexico",4582.6785,28.1799765,3734.424198,822.023712,0.006149237067361369,0.8148998883513212,0.17937625604763677,0.5373092668403423,-0.014631332102392813,-0.05515444733903973,35001003714
1400000US35001003201,"Census Tract 32.01, Bernalillo County, New Mexico","Bernalillo County, New Mexico",1627.4575,10.007061499999999,1326.361782,291.78122700000006,0.0061488926746166945,0.8149901192504259,0.1792865417376491,0.5372231686541736,-0.01452222581568828,-0.054626716103818175,35001003201
1400000US35001003721,"Census Tract 37.21, Bernalillo County, New Mexico","Bernalillo County, New Mexico",1333.351,8.197903000000002,1086.85894,238.86193400000002,0.006148345784418357,0.8151334044823906,0.17914407684098185,0.5370864461045892,-0.014348966768572538,-0.053788687299893174,35001003721
1400000US35001000401,"Census Tract 4.01, Bernalillo County, New Mexico","Bernalillo County, New Mexico",2040.6930000000002,12.542843000000001,1664.4963520000001,364.524809,0.006146364494806421,0.8156525023607176,0.1786279508970727,0.5365911237016052,-0.013721278886677683,-0.050752652335721696,35001000401
1400000US35001003726,"Census Tract 37.26, Bernalillo County, New Mexico","Bernalillo County, New Mexico",629.3240000000001,3.8676439999999994,513.4172960000001,112.30787199999999,0.006145711906744378,0.8158234804329726,0.17845795170691087,0.5364279766860945,-0.013514533938364541,-0.049752657099475614,35001003726
1400000US35001000128,"Census Tract 1.28, Bernalillo County, New Mexico","Bernalillo County, New Mexico",1605.1200000000003,9.863964000000001,1309.6625520000002,286.279422,0.0061453125,0.815928125,0.17835390624999997,0.5363281249999999,-0.013387998790810233,-0.04914062499999976,35001000128
1400000US35001004734,"Census Tract 47.34, Bernalillo County, New Mexico","Bernalillo County, New Mexico",2936.1870000000004,18.043731,2395.73214,523.665918,0.006145293538865201,0.8159330928173171,0.17834896687438503,0.5363233847163003,-0.01338199175656952,-0.049111569849323654,35001004734
1400000US35001003807,"Census Tract 38.07, Bernalillo County, New Mexico","Bernalillo County, New Mexico",1897.3785000000003,11.654750499999999,1549.49561,337.041589,0.006142554319024906,0.8166507684154741,0.1776354001059883,0.5356385797562265,-0.01251418571284878,-0.04491411827051934,35001003807
1400000US35001000118,"Census Tract 1.18, Bernalillo County, New Mexico","Bernalillo County, New Mexico",1213.272,7.4501100000000005,991.469052,214.87423500000003,0.00614051094890511,0.8171861313868614,0.17710310218978106,0.5351277372262775,-0.011866830245633264,-0.0417829540575356,35001000118
1400000US35001000109,"Census Tract 1.09, Bernalillo County, New Mexico","Bernalillo County, New Mexico",659.1779999999999,4.047089999999999,538.828248,116.58624,0.006139601139601139,0.8174245014245016,0.1768660968660969,0.5349002849002849,-0.01157859561728953,-0.04038880509468751,35001000109
1400000US35001003729,"Census Tract 37.29, Bernalillo County, New Mexico","Bernalillo County, New Mexico",490.6475,3.0119075,401.19106999999997,86.655835,0.0061386382280557835,0.8176767842493847,0.1766152584085316,0.5346595570139459,-0.011273537787926655,-0.03891328475606813,35001003729
1400000US35001003722,"Census Tract 37.22, Bernalillo County, New Mexico","Bernalillo County, New Mexico",1312.128,8.053631999999999,1073.170944,231.469056,0.006137840210711149,0.8178858647936786,0.17640737489025463,0.5344600526777873,-0.011020719717438242,-0.03769044053090949,35001003722
1400000US35001004715,"Census Tract 47.15, Bernalillo County, New Mexico","Bernalillo County, New Mexico",2625.948,16.115163999999996,2148.37688,462.58919199999997,0.006136893799877224,0.818133824432167,0.17616083486801717,0.534223449969306,-0.010720889441152466,-0.0362402051059833,35001004715
1400000US35001000206,"Census Tract 2.06, Bernalillo County, New Mexico","Bernalillo County, New Mexico",1373.328,8.427672,1123.6436640000002,241.849476,0.0061366782006920416,0.8181903114186853,0.17610467128027682,0.5341695501730104,-0.010652585950803883,-0.035909831060451806,35001000206
1400000US35001000402,"Census Tract 4.02, Bernalillo County, New Mexico","Bernalillo County, New Mexico",1802.442,11.060322,1474.9199279999998,317.240136,0.006136298421807747,0.8182898134863701,0.17600573888091822,0.5340746054519366,-0.010532269061221258,-0.03532787577010711,35001000402
1400000US35001004742,"Census Tract 47.42, Bernalillo County, New Mexico","Bernalillo County, New Mexico",2880.531,17.675181,2357.2707840000003,506.829303,0.006136084284460052,0.8183459174714663,0.17594995610184372,0.534021071115013,-0.010464428692301964,-0.034999741775551214,35001004742
1400000US35001003804,"Census Tract 38.04, Bernalillo County, New Mexico","Bernalillo County, New Mexico",2050.12,12.578539999999998,1678.0136400000001,360.41397000000006,0.006135514018691588,0.8184953271028038,0.1758014018691589,0.533878504672897,-0.010283764083671406,-0.0341258933479935,35001003804
1400000US35001004712,"Census Tract 47.12, Bernalillo County, New Mexico","Bernalillo County, New Mexico",2583.4349999999995,15.843970999999996,2116.2929079999994,452.41815799999995,0.006132908704883227,0.8191779193205945,0.1751227176220807,0.5332271762208066,-0.009458380507140986,-0.030133633071062888,35001004712
1400000US35001000126,"Census Tract 1.26, Bernalillo County, New Mexico","Bernalillo County, New Mexico",1260.5495,7.7295295,1032.956358,220.410771,0.006131873044255699,0.8194492624050066,0.17485292802860974,0.5329682610639248,-0.00913027520555438,-0.028546635462410187,35001000126
1400000US35001000112,"Census Tract 1.12, Bernalillo County, New Mexico","Bernalillo County, New Mexico",725.1075000000001,4.4442775,594.71009,126.26887,0.006129129129129129,0.8201681681681682,0.17413813813813814,0.5322822822822822,-0.008260981658805188,-0.024341989047871323,35001000112
1400000US35001004603,"Census Tract 46.03, Bernalillo County, New Mexico","Bernalillo County, New Mexico",1805.752,11.065064,1481.7075840000002,313.766952,0.006127676447264076,0.8205487708168122,0.17375971451229183,0.5319191118160189,-0.0078007608019200194,-0.02211596771936363,35001004603
1400000US35001004747,"Census Tract 47.47, Bernalillo County, New Mexico","Bernalillo County, New Mexico",1906.2455,11.6808035,1564.1810659999999,331.215088,0.0061276490882207985,0.8205559388861507,0.17375258748151798,0.5319122720551996,-0.007792093245283336,-0.02207404400892921,35001004747
1400000US35001000113,"Census Tract 1.13, Bernalillo County, New Mexico","Bernalillo County, New Mexico",1532.895,9.392565,1257.95124,266.220045,0.006127337488869101,0.8206375779162957,0.17367141585040075,0.5318343722172751,-0.007693376159255636,-0.021596563825886664,35001000113
1400000US35001004727,"Census Tract 47.27, Bernalillo County, New Mexico","Bernalillo County, New Mexico",686.0275,4.2028175,563.16453,118.95984,0.006126310534198702,0.8209066400399401,0.17340389415876184,0.5315776335496755,-0.00736802897226118,-0.020022906816246043,35001004727
1400000US35001003001,"Census Tract 30.01, Bernalillo County, New Mexico","Bernalillo County, New Mexico",2235.525,13.690925,1836.3613,386.45165000000003,0.006124254928931682,0.8214452086198991,0.17286840898670336,0.5310637322329206,-0.006716797315720621,-0.01687299403943145,35001003001
1400000US35001003723,"Census Tract 37.23, Bernalillo County, New Mexico","Bernalillo County, New Mexico",3279.0419999999995,20.081034,2693.7249839999995,566.672112,0.00612405513561583,0.8214975544686527,0.17281636282792354,0.5310137839039575,-0.006653501247094773,-0.016566840164256025,35001003723
1400000US35043010503,"Census Tract 105.03, Sandoval County, New Mexico","Sandoval County, New Mexico",1587.3739999999998,18.092408,1296.5344639999998,272.46452199999993,0.011397697077059345,0.8167794508414526,0.1716448184233835,1.8494242692648362,-0.012358584230408004,-0.0096754024904911,35043010503
1400000US35001004602,"Census Tract 46.02, Bernalillo County, New Mexico","Bernalillo County, New Mexico",1754.0010000000002,10.732923,1443.1806000000001,300.860019,0.006119108826049699,0.8227934875749786,0.17152784918594688,0.5297772065124247,-0.0050864720979703236,-0.008987348152628628,35001004602
1400000US35001000123,"Census Tract 1.23, Bernalillo County, New Mexico","Bernalillo County, New Mexico",2570.7309999999998,15.730378999999997,2115.2341079999997,440.89888199999996,0.006119029567854435,0.822814253222138,0.17150720242608036,0.5297573919636087,-0.005061362488345947,-0.008865896624002062,35001000123
1400000US35001002401,"Census Tract 24.01, Bernalillo County, New Mexico","Bernalillo County, New Mexico",2234.2650000000003,13.668765,1839.11046,382.47132,0.006117790414297318,0.8231389114541022,0.17118440292445164,0.5294476035743295,-0.004668789051871632,-0.006967076026186043,35001002401
1400000US35001004740,"Census Tract 47.40, Bernalillo County, New Mexico","Bernalillo County, New Mexico",3080.727,18.846314999999997,2536.109172,527.1309,0.0061174894756984306,0.8232177573670111,0.17110600841944126,0.5293723689246076,-0.004573449374835533,-0.006505931879066183,35001004740
1400000US35001004750,"Census Tract 47.50, Bernalillo County, New Mexico","Bernalillo County, New Mexico",2337.3419999999996,14.298101999999998,1924.2889679999998,399.786576,0.00611724856696196,0.8232808754559667,0.17104325169359044,0.5293121417404899,-0.004497127622773079,-0.006136774668179,35001004750
1400000US35001000704,"Census Tract 7.04, Bernalillo County, New Mexico","Bernalillo County, New Mexico",1577.1329999999998,9.647648999999998,1298.4406199999999,269.74087199999997,0.00611720698254364,0.8232917705735661,0.17103241895261845,0.52930174563591,-0.0044839533572358,-0.006073052662461386,35001000704
1400000US35001004726,"Census Tract 47.26, Bernalillo County, New Mexico","Bernalillo County, New Mexico",1035.699,6.332361000000001,853.527192,176.298213,0.0061140939597315435,0.8241073825503356,0.1702214765100671,0.5285234899328859,-0.00349772363925576,-0.0013028030003946933,35001004726
1400000US35001000108,"Census Tract 1.08, Bernalillo County, New Mexico","Bernalillo County, New Mexico",1225.308,7.490699999999999,1010.0338079999999,208.32671999999997,0.006113320079522862,0.8243101391650098,0.17001988071570573,0.5283300198807154,-0.0032525524002300263,-0.00011694538650421653,35001000108
1400000US35043940500,"Census Tract 9405, Sandoval County, New Mexico","Sandoval County, New Mexico",2237.443,25.633486000000005,1831.2168280000005,380.2089890000001,0.011456598447424136,0.8184417784050814,0.16993013408609742,1.864149611856034,-0.010348514625052844,0.00041097596413291045,35043940500
1400000US35001000125,"Census Tract 1.25, Bernalillo County, New Mexico","Bernalillo County, New Mexico",1228.938,7.512461999999999,1013.138544,208.832046,0.00611297071129707,0.8244016736401674,0.169928870292887,0.5282426778242676,-0.0031418698426030267,0.0004184100418412361,35001000125
1400000US35001000117,"Census Tract 1.17, Bernalillo County, New Mexico","Bernalillo County, New Mexico",1074.906,6.570666,886.2074640000001,182.60470800000002,0.006112781954887218,0.824451127819549,0.16987969924812032,0.5281954887218046,-0.0030820703512104935,0.000707651481645219,35001000117
1400000US35043011000,"Census Tract 110, Sandoval County, New Mexico","Sandoval County, New Mexico",845.4970000000001,9.692572000000002,692.16088,143.499227,0.011463756819953236,0.8186438035853468,0.16972174590802802,1.8659392049883088,-0.010104227829084931,0.00163678877630583,35043011000
1400000US35001003803,"Census Tract 38.03, Bernalillo County, New Mexico","Bernalillo County, New Mexico",1025.9445,6.2698245,846.2473380000001,173.883231,0.00611127063890883,0.8248470926058866,0.16948600143575016,0.5278176597272074,-0.0026032737534624492,0.003023520966175628,35001003803
1400000US35001003805,"Census Tract 38.05, Bernalillo County, New Mexico","Bernalillo County, New Mexico",962.046,5.8792860000000005,793.5506640000001,163.043568,0.006111231687466088,0.8248572978838851,0.16947585458491587,0.527807921866522,-0.0025909336349637276,0.0030832083240243374,35001003805
1400000US35001000714,"Census Tract 7.14, Bernalillo County, New Mexico","Bernalillo County, New Mexico",2280.825,13.935104999999998,1882.2839399999998,385.62129,0.006109677419354838,0.8252645161290323,0.1690709677419355,0.5274193548387095,-0.002098529469126699,0.005464895635673591,35001000714
1400000US35001004753,"Census Tract 47.53, Bernalillo County, New Mexico","Bernalillo County, New Mexico",1261.1085,7.704212500000001,1040.945546,213.020515,0.006109079829372334,0.8254210847044484,0.16891529555149298,0.5272699573430834,-0.0019092083380310189,0.006380614402982523,35001004753
1400000US35043010900,"Census Tract 109, Sandoval County, New Mexico","Sandoval County, New Mexico",1321.32,15.197952,1083.1201919999999,222.78194399999998,0.011502097902097903,0.819725874125874,0.1686055944055944,1.8755244755244755,-0.008795799122280549,0.008202385849444842,35043010900
1400000US35001004720,"Census Tract 47.20, Bernalillo County, New Mexico","Bernalillo County, New Mexico",1729.6420000000003,10.563922,1428.3639280000002,291.48593600000004,0.00610757717492984,0.8258147801683816,0.16852385406922357,0.52689429373246,-0.0014331557818844688,0.00868321135750847,35001004720
1400000US35001003806,"Census Tract 38.06, Bernalillo County, New Mexico","Bernalillo County, New Mexico",1390.6200000000003,8.492484000000001,1148.6133120000002,234.13513200000006,0.006106976744186045,0.8259720930232557,0.16836744186046512,0.5267441860465113,-0.0012429346756280227,0.009603283173734645,35001003806
1400000US35001940600,"Census Tract 9406, Bernalillo County, New Mexico","Bernalillo County, New Mexico",2829.946,17.275146,2339.360744,474.57734800000003,0.006104408352668214,0.8266450116009281,0.1676983758700696,0.5261020881670534,-0.00042924836647158183,0.013538965470178833,35001940600
1400000US35001003737,"Census Tract 37.37, Bernalillo County, New Mexico","Bernalillo County, New Mexico",673.97,4.114002,557.1826960000001,112.975196,0.0061041322314049585,0.8267173553719009,0.16762644628099171,0.5260330578512395,-0.0003417710134209514,0.013962080700048809,35001003737
1400000US35001001101,"Census Tract 11.01, Bernalillo County, New Mexico","Bernalillo County, New Mexico",2290.455,13.979520999999998,1894.0093279999999,383.492983,0.006103381642512077,0.8269140096618357,0.16743091787439612,0.5258454106280193,-0.00010397864348774562,0.015112247797669932,35001001101
1400000US35001004743,"Census Tract 47.43, Bernalillo County, New Mexico","Bernalillo County, New Mexico",1279.4299999999998,7.80848,1058.0754200000001,214.119865,0.006103092783505156,0.8269896907216497,0.1673556701030928,0.5257731958762889,-1.2465874667870506e-05,0.015554881746513033,35001004743
1400000US35001004737,"Census Tract 47.37, Bernalillo County, New Mexico","Bernalillo County, New Mexico",3240.678000000001,19.777594,2680.1552,542.198782,0.006102918586789553,0.8270353302611365,0.16731029185867893,0.5257296466973883,4.272099290984992e-05,0.015821812596006346,35001004737
1400000US35001004738,"Census Tract 47.38, Bernalillo County, New Mexico","Bernalillo County, New Mexico",2942.7614999999996,17.958307499999997,2434.062834,492.06086999999997,0.006102535832414553,0.827135611907387,0.1672105843439912,0.5256339581036382,0.00016398054097579057,0.016408327388287177,35001004738
1400000US35043010715,"Census Tract 107.15, Sandoval County, New Mexico","Sandoval County, New Mexico",2092.7,24.191000000000003,1718.8428,349.33129999999994,0.011559707554833471,0.8213517465475224,0.1669285134037368,1.8899268887083678,-0.0068298107043260675,0.018067568213313043,35043010715
1400000US35001004735,"Census Tract 47.35, Bernalillo County, New Mexico","Bernalillo County, New Mexico",1057.092,6.44929,874.7912120000001,176.32667500000002,0.006100973236009733,0.8275450121654502,0.1668035279805353,0.5252433090024331,0.000659023174667605,0.01880277658508655,35001004735
1400000US35043010716,"Census Tract 107.16, Sandoval County, New Mexico","Sandoval County, New Mexico",3466.7120000000004,40.096844000000004,2848.0296720000006,578.033216,0.011566246056782335,0.8215362776025237,0.16673817034700314,1.8915615141955835,-0.006606677626936383,0.019187233252922778,35043010716
1400000US35043010601,"Census Tract 106.01, Sandoval County, New Mexico","Sandoval County, New Mexico",1194.167,13.828094,981.504892,198.645561,0.0115796986518636,0.8219159397303728,0.16634655035685963,1.8949246629659,-0.006147594038243369,0.021490880253766925,35043010601
1400000US35001003712,"Census Tract 37.12, Bernalillo County, New Mexico","Bernalillo County, New Mexico",1719.576,10.481616,1425.507984,284.364108,0.00609546539379475,0.8289880668257756,0.1653687350835322,0.5238663484486874,0.002403950212546033,0.02724273480275185,35001003712
1400000US35001004744,"Census Tract 47.44, Bernalillo County, New Mexico","Bernalillo County, New Mexico",1448.37,8.827433999999998,1200.9579119999999,239.240232,0.006094736842105262,0.829178947368421,0.16517894736842106,0.5236842105263155,0.0026347610259019913,0.02835913312693499,35001004744
1400000US35001000122,"Census Tract 1.22, Bernalillo County, New Mexico","Bernalillo County, New Mexico",2120.3489999999997,12.922524999999998,1758.265124,350.12131,0.00609452736318408,0.8292338308457713,0.16512437810945277,0.5236318407960199,0.002701125569251781,0.028680128767924962,35001000122
1400000US35001003718,"Census Tract 37.18, Bernalillo County, New Mexico","Bernalillo County, New Mexico",1014.5835,6.1825695,841.5463619999999,167.31432599999997,0.006093701996927803,0.8294500768049154,0.16490937019969276,0.5234254992319508,0.0029626079865965895,0.02994488117827794,35001003718
1400000US35001004751,"Census Tract 47.51, Bernalillo County, New Mexico","Bernalillo County, New Mexico",1489.0589999999997,9.072765,1235.3927039999999,245.26885499999997,0.006092951991828397,0.8296465781409602,0.16471399387129726,0.5232379979570992,0.003200215406239592,0.031094153698251484,35001004751
1400000US35001003728,"Census Tract 37.28, Bernalillo County, New Mexico","Bernalillo County, New Mexico",2393.7000000000003,14.579450000000001,1987.3003,392.90847500000007,0.00609075907590759,0.8302211221122112,0.1641427392739274,0.5226897689768976,0.003894948140521342,0.03445447485925071,35001003728
1400000US35001004717,"Census Tract 47.17, Bernalillo County, New Mexico","Bernalillo County, New Mexico",3418.1359999999995,20.819,2837.819936,561.05104,0.006090746535538668,0.8302244076888691,0.164139472507823,0.5226866338846671,0.0038989210264437748,0.03447369113045309,35001004717
1400000US35001003715,"Census Tract 37.15, Bernalillo County, New Mexico","Bernalillo County, New Mexico",1582.3959999999997,9.637255999999999,1313.9316239999998,259.546878,0.006090293453724606,0.8303431151241535,0.16402144469525962,0.5225733634311513,0.00404246085145516,0.035167972380825856,35001003715
1400000US35001004733,"Census Tract 47.33, Bernalillo County, New Mexico","Bernalillo County, New Mexico",2960.3219999999997,18.023473999999997,2459.5909839999995,484.05693199999996,0.006088349172826469,0.8308525167194649,0.16351495952129533,0.5220872932066173,0.0046584240864145695,0.038147296933556965,35001004733
1400000US35001004739,"Census Tract 47.39, Bernalillo County, New Mexico","Bernalillo County, New Mexico",2813.8499999999995,17.127474,2339.0019119999997,459.005352,0.006086846846846848,0.8312461261261261,0.16312360360360365,0.5217117117117119,0.005134372582981947,0.04044939056703745,35001004739
1400000US35001003724,"Census Tract 37.24, Bernalillo County, New Mexico","Bernalillo County, New Mexico",1619.5919999999996,9.856287999999997,1346.7827359999997,263.693404,0.006085661080074488,0.8315567970204841,0.16281471135940412,0.521415270018622,0.005510032672894872,0.042266403768211135,35001003724
1400000US35001004736,"Census Tract 47.36, Bernalillo County, New Mexico","Bernalillo County, New Mexico",866.3879999999999,5.272107999999999,720.5649919999998,140.94720399999997,0.0060851581508515815,0.8316885644768856,0.16268369829683696,0.5212895377128953,0.005669364542787765,0.0430370688421356,35001004736
1400000US35001004728,"Census Tract 47.28, Bernalillo County, New Mexico","Bernalillo County, New Mexico",1685.9975,10.257417499999999,1402.78655,273.725815,0.006083886541943271,0.8320217260108631,0.1623524441762221,0.5209716354858177,0.0060722200856868636,0.04498562249281122,35001004728
1400000US35001000111,"Census Tract 1.11, Bernalillo County, New Mexico","Bernalillo County, New Mexico",791.384,4.813072,658.87272,128.06151599999998,0.006081841432225064,0.8325575447570331,0.16181969309462912,0.520460358056266,0.006720126671140353,0.04811945238453463,35001000111
1400000US35001004722,"Census Tract 47.22, Bernalillo County, New Mexico","Bernalillo County, New Mexico",2637.409,16.033217,2197.6513800000002,424.93872600000003,0.00607915457936179,0.833261500207211,0.16111976792374638,0.5197886448404475,0.007571342451282884,0.052236659272080176,35001004722
1400000US35001000116,"Census Tract 1.16, Bernalillo County, New Mexico","Bernalillo County, New Mexico",1197.3780000000002,7.277578,998.1135919999999,192.538864,0.006077928607340371,0.8335827048768224,0.16080040221216688,0.5194821518350928,0.007959739875238611,0.0541152811049008,35001000116
1400000US35043010714,"Census Tract 107.14, Sandoval County, New Mexico","Sandoval County, New Mexico",1701.7000000000003,20.035180000000004,1407.9678800000002,273.46506,0.011773626373626373,0.827389010989011,0.16070109890109888,1.9434065934065934,0.0004703881366516277,0.054699418228830204,35043010714
1400000US35001000107,"Census Tract 1.07, Bernalillo County, New Mexico","Bernalillo County, New Mexico",834.0074999999999,5.0684534999999995,695.3673779999999,133.95646799999997,0.006077227722772277,0.8337663366336633,0.1606178217821782,0.5193069306930692,0.008181785530427105,0.05518928363424592,35001000107
1400000US35001003732,"Census Tract 37.32, Bernalillo County, New Mexico","Bernalillo County, New Mexico",1555.1999999999998,9.450432,1296.9020159999998,249.56553599999998,0.006076666666666667,0.8339133333333333,0.16047166666666668,0.5191666666666667,0.008359532446593973,0.05604901960784313,35001003732
1400000US35001004723,"Census Tract 47.23, Bernalillo County, New Mexico","Bernalillo County, New Mexico",1559.425,9.472925,1301.2586999999999,249.41490000000002,0.006074626865671642,0.8344477611940297,0.1599402985074627,0.5186567164179103,0.009005757187460313,0.059174714661984235,35001004723
1400000US35001004752,"Census Tract 47.52, Bernalillo County, New Mexico","Bernalillo County, New Mexico",1487.8665,9.0376725,1241.693934,237.82359,0.006074249605055292,0.8345466034755133,0.15984202211690363,0.5185624012638229,0.009125276270269989,0.05975281107703756,35001004752
1400000US35001000710,"Census Tract 7.10, Bernalillo County, New Mexico","Bernalillo County, New Mexico",2034.5649999999998,12.355584999999998,1698.6914199999999,324.46117999999996,0.006072838665759019,0.8349162695711368,0.15947447243022464,0.5182096664397546,0.009572272758327423,0.06191486805750219,35001000710
1400000US35001004713,"Census Tract 47.13, Bernalillo County, New Mexico","Bernalillo County, New Mexico",2779.672,16.872528,2322.8819359999998,441.21012400000006,0.006069970845481049,0.835667638483965,0.15872740524781342,0.5174927113702622,0.010480820415918864,0.06630938089521522,35001004713
1400000US35001004748,"Census Tract 47.48, Bernalillo County, New Mexico","Bernalillo County, New Mexico",2922.4089999999997,17.738489,2442.280116,463.749582,0.00606981740064447,0.8357078410311494,0.158687432867884,0.5174543501611174,0.01052943292762914,0.06654451254185886,35001004748
1400000US35001004724,"Census Tract 47.24, Bernalillo County, New Mexico","Bernalillo County, New Mexico",898.008,5.439736,753.356576,139.634848,0.006057558507273877,0.8389196710942441,0.15549399114484502,0.5143896268184691,0.014413145216740116,0.08532946385385287,35001004724
1400000US35001003730,"Census Tract 37.30, Bernalillo County, New Mexico","Bernalillo County, New Mexico",1056.6879999999999,6.4008959999999995,886.490336,164.294728,0.006057507987220448,0.8389329073482429,0.15548083067092652,0.514376996805112,0.014429150360632182,0.08540687840631464,35001003730
1400000US35001940500,"Census Tract 9405, Bernalillo County, New Mexico","Bernalillo County, New Mexico",891.9359999999999,5.400864,748.8103679999999,138.146112,0.006055214723926381,0.8395337423312883,0.15488343558282208,0.5138036809815952,0.015155673919332808,0.08892096715987018,35001940500
1400000US35043010702,"Census Tract 107.02, Sandoval County, New Mexico","Sandoval County, New Mexico",2319.361,27.818902,1933.452636,357.830263,0.011994209612044008,0.8336143601621309,0.15427967573827447,1.998552403011002,0.007998017124704708,0.09247249565720904,35043010702
1400000US35043010721,"Census Tract 107.21, Sandoval County, New Mexico","Sandoval County, New Mexico",2461.412,29.591,2053.7962079999998,377.75730799999997,0.01202196137826581,0.8343975766755016,0.15347179098826202,2.0054903445664527,0.008945074577390036,0.0972247588925764,35043010721
1400000US35043011100,"Census Tract 111, Sandoval County, New Mexico","Sandoval County, New Mexico",2547.5834999999997,30.671697,2126.960346,389.67958049999993,0.012039525691699606,0.8348932806324111,0.15296047430830037,2.0098814229249014,0.009544474767123355,0.10023250406882142,35043011100
1400000US35043010717,"Census Tract 107.17, Sandoval County, New Mexico","Sandoval County, New Mexico",2826.774,34.037856,2360.191152,432.243858,0.012041237113402062,0.8349415807560138,0.1529106529209622,2.0103092783505154,0.009602878785989963,0.10052557105316358,35043010717
1400000US35043010712,"Census Tract 107.12, Sandoval County, New Mexico","Sandoval County, New Mexico",2345.2765,28.243117,1958.2559780000001,358.52790749999997,0.012042553191489364,0.8349787234042554,0.1528723404255319,2.0106382978723407,0.009647791298978617,0.10075093867334177,35043010712
1400000US35043010722,"Census Tract 107.22, Sandoval County, New Mexico","Sandoval County, New Mexico",1996.6815000000001,24.052347000000005,1667.3898780000002,305.0276625,0.012046161092793219,0.8350805463966086,0.15276731040979746,2.0115402731983045,0.009770914627096118,0.1013687622953091,35043010722
1400000US35043010719,"Census Tract 107.19, Sandoval County, New Mexico","Sandoval County, New Mexico",1432.754,17.354858,1199.1650840000002,216.092842,0.0121129363449692,0.8369650924024643,0.15082340862423,2.0282340862423,0.012049688515676223,0.1128034786810001,35043010719
1400000US35043010713,"Census Tract 107.13, Sandoval County, New Mexico","Sandoval County, New Mexico",3139.8080000000004,38.21427200000001,2633.0455040000006,468.258976,0.012170894526034714,0.8386008010680909,0.1491361815754339,2.0427236315086783,0.014027570819940513,0.12272834367391829,35043010713
1400000US35043010703,"Census Tract 107.03, Sandoval County, New Mexico","Sandoval County, New Mexico",2959.4875,36.081925,2483.5872500000005,439.5526125,0.012191950464396284,0.8391950464396286,0.1485232198142415,2.047987616099071,0.01474612628733802,0.12633400109269716,35043010703
1400000US35001004725,"Census Tract 47.25, Bernalillo County, New Mexico","Bernalillo County, New Mexico",1281.261,7.726780999999999,1083.922564,190.23267800000002,0.006030606566499721,0.8459810795770729,0.14847301057317755,0.5076516416249303,0.02295172863007599,0.1266293495695439,35001004725
1400000US35043010718,"Census Tract 107.18, Sandoval County, New Mexico","Sandoval County, New Mexico",1556.895,18.988374,1306.7301240000002,231.03747299999998,0.012196309963099632,0.839318081180812,0.14839630996309963,2.049077490774908,0.014894898646689117,0.12708052962882577,35043010718
1400000US35001000801,"Census Tract 8.01, Bernalillo County, New Mexico","Bernalillo County, New Mexico",1374.633,8.285319000000001,1164.10608,202.910157,0.006027295285359802,0.846848635235732,0.14761042183622827,0.5068238213399504,0.024000768120594776,0.13170340096336317,35001000801
1400000US35043010602,"Census Tract 106.02, Sandoval County, New Mexico","Sandoval County, New Mexico",1450.3174999999999,17.838815,1221.5193100000001,210.84656249999995,0.012299937772246423,0.8422426882389548,0.14537958929682637,2.074984443061606,0.01843130379559213,0.14482594531278611,35043010602
1400000US35043010720,"Census Tract 107.20, Sandoval County, New Mexico","Sandoval County, New Mexico",2490.7319999999995,30.888791999999995,2104.9394399999996,354.73813199999995,0.012401491609695463,0.8451087632069608,0.14242324425108763,2.1003729024238655,0.021896932535623644,0.1622162102877199,35043010720
1400000US35043010723,"Census Tract 107.23, Sandoval County, New Mexico","Sandoval County, New Mexico",4263.7275,53.000577,3606.812922,603.6442364999999,0.012430573248407644,0.8459295116772824,0.14157664543524415,2.107643312101911,0.022889373249434453,0.1671962033220933,35043010723
1400000US35043010705,"Census Tract 107.05, Sandoval County, New Mexico","Sandoval County, New Mexico",2278.965,28.338960000000004,1928.12932,322.353655,0.01243501326259947,0.8460548187444739,0.141447391688771,2.1087533156498672,0.023040893282314134,0.16795651947781776,35043010705
1400000US35043940300,"Census Tract 9403, Sandoval County, New Mexico","Sandoval County, New Mexico",,,,,,,,,,,35043940300
